Model,Accuracy,Precision,Recall,Specificity,F1
CART,0.056392227596835834,0.007052788549067506,0.18420778183087794,0.17438165800748479,0.04430882200690107
KNN,0.004582575694955868,0.013064109478162455,0.01747357968889515,0.0019744412769138312,0.015948456184840924
SVM,0.049616025636884706,0.024669507476098747,0.07332978537205717,0.1083923647222485,0.018909969544900748
