Model,Accuracy,Precision,Recall,Specificity,F1
CART,0.4258333333333333,0.32504141527763575,0.6924242424242424,0.2945273631840796,0.4382348676747776
KNN,0.5815,0.33183835979566906,0.26515151515151514,0.7373134328358208,0.29473604275717696
SVM,0.5225,0.3353528508562283,0.4419191919191919,0.5621890547263682,0.37792047342855134
