Model,Accuracy,Precision,Recall,F1
CART,0.4781666666666667,0.32774992414822923,0.546969696969697,0.4061331147346568
KNN,0.5863333333333333,0.30214951219489977,0.19444444444444445,0.2365638355803553
SVM,0.48816666666666664,0.3169015402035105,0.4772727272727273,0.3808870934975932
